{
  "Component-preload.js": 1718357058736,
  "test/integration/opaTests.qunit.js": 1718310545428,
  "test/integration/pages/KnowledgeBaseList.js": 1718310545428,
  "test/integration/pages/KnowledgeBaseObjectPage.js": 1718310545428,
  "test/integration/FirstJourney.js": 1718310545424,
  "test/testsuite.qunit.js": 1718310545432,
  "xs-app.json": 1718355838560,
  "manifest.json": 1718354848878,
  "Component.js": 1718310545420,
  "test/testsuite.qunit-dbg.js": 1718310545432,
  "test/testsuite.qunit.js.map": 1718357058467,
  "test/integration/pages/KnowledgeBaseList-dbg.js": 1718310545428,
  "test/integration/pages/KnowledgeBaseList.js.map": 1718357058474,
  "test/integration/pages/KnowledgeBaseObjectPage-dbg.js": 1718310545428,
  "test/integration/pages/KnowledgeBaseObjectPage.js.map": 1718357058423,
  "test/integration/FirstJourney-dbg.js": 1718310545424,
  "test/integration/FirstJourney.js.map": 1718357058472,
  "test/integration/opaTests.qunit-dbg.js": 1718310545428,
  "test/integration/opaTests.qunit.js.map": 1718357058434,
  "Component-dbg.js": 1718310545420,
  "Component.js.map": 1718357058448,
  "i18n/i18n.properties": 1718310545420,
  "Component-preload.js.map": 1718357058736,
  "test/integration/opaTests.qunit.html": 1718310545424,
  "test/testsuite.qunit.html": 1718310545432,
  "test/flpSandbox.html": 1718354490924,
  "index.html": 1718354848878
}